{
    "family": "",
    "taskRoleArn": "",
    "executionRoleArn": "",
    "networkMode": "host",
    "containerDefinitions": [
        {
            "name": "mcom-pokemon",
            "image": "",
            "repositoryCredentials": {
                "credentialsParameter": ""
            },
            "cpu": 0,
            "memory": 0,
            "memoryReservation": 0,
            "links": [
                ""
            ],
            "portMappings": [
                {
                    "containerPort": 0,
                    "hostPort": 0,
                    "protocol": "tcp"
                }
            ],
            "essential": true,
            "entryPoint": [
                ""
            ],
            "command": [
                ""
            ],
            "environment": [
                {
                    "name": "",
                    "value": ""
                }
            ],
            "mountPoints": [
                {
                    "sourceVolume": "",
                    "containerPath": "",
                    "readOnly": true
                }
            ],
            "volumesFrom": [
                {
                    "sourceContainer": "",
                    "readOnly": true
                }
            ],
            "linuxParameters": {
                "capabilities": {
                    "add": [
                        ""
                    ],
                    "drop": [
                        ""
                    ]
                },
                "devices": [
                    {
                        "hostPath": "",
                        "containerPath": "",
                        "permissions": [
                            "write"
                        ]
                    }
                ],
                "initProcessEnabled": true,
                "sharedMemorySize": 0,
                "tmpfs": [
                    {
                        "containerPath": "",
                        "size": 0,
                        "mountOptions": [
                            ""
                        ]
                    }
                ],
                "maxSwap": 0,
                "swappiness": 0
            },
            "secrets": [
                {
                    "name": "",
                    "valueFrom": ""
                }
            ],
            "dependsOn": [
                {
                    "containerName": "",
                    "condition": "SUCCESS"
                }
            ],
            "startTimeout": 0,
            "stopTimeout": 0,
            "hostname": "",
            "user": "",
            "workingDirectory": "",
            "disableNetworking": true,
            "privileged": true,
            "readonlyRootFilesystem": true,
            "dnsServers": [
                ""
            ],
            "dnsSearchDomains": [
                ""
            ],
            "extraHosts": [
                {
                    "hostname": "",
                    "ipAddress": ""
                }
            ],
            "dockerSecurityOptions": [
                ""
            ],
            "interactive": true,
            "pseudoTerminal": true,
            "dockerLabels": {
                "KeyName": ""
            },
            "ulimits": [
                {
                    "name": "fsize",
                    "softLimit": 0,
                    "hardLimit": 0
                }
            ],
            "logConfiguration": {
                "logDriver": "splunk",
                "options": {
                    "KeyName": ""
                },
                "secretOptions": [
                    {
                        "name": "",
                        "valueFrom": ""
                    }
                ]
            },
            "healthCheck": {
                "command": [
                    ""
                ],
                "interval": 0,
                "timeout": 0,
                "retries": 0,
                "startPeriod": 0
            },
            "systemControls": [
                {
                    "namespace": "",
                    "value": ""
                }
            ],
            "resourceRequirements": [
                {
                    "value": "",
                    "type": "InferenceAccelerator"
                }
            ],
            "firelensConfiguration": {
                "type": "fluentd",
                "options": {
                    "KeyName": ""
                }
            }
        }
    ],
    "volumes": [
        {
            "name": "",
            "host": {
                "sourcePath": ""
            },
            "dockerVolumeConfiguration": {
                "scope": "task",
                "autoprovision": true,
                "driver": "",
                "driverOpts": {
                    "KeyName": ""
                },
                "labels": {
                    "KeyName": ""
                }
            }
        }
    ],
    "placementConstraints": [
        {
            "type": "memberOf",
            "expression": ""
        }
    ],
    "requiresCompatibilities": [
        "FARGATE"
    ],
    "cpu": "",
    "memory": "",
    "tags": [
        {
            "key": "",
            "value": ""
        }
    ],
    "pidMode": "host",
    "ipcMode": "task",
    "proxyConfiguration": {
        "type": "APPMESH",
        "containerName": "",
        "properties": [
            {
                "name": "",
                "value": ""
            }
        ]
    },
    "inferenceAccelerators": [
        {
            "deviceName": "",
            "deviceType": ""
        }
    ]
}